FIRST_HS_CODE;CORRECTED_HS_CODE;COUNT;TAX_AMOUNT
"8439300000";"8441107000";2;0
"7306308009";"7305310000";1;0
"7215501900";"9401990002";1;82096330
"1806903900";"1806901900";1;0
"8424890009";"8481809907";1;1077545
"2917399500";"2841500000";1;0
"7209179001";"7210490009";1;612129025
"8428908009";"8428330009";1;0
"7308909809";"7326909807";2;0
"1806909000";"1904109000";1;399187
"9403109809";"9403208009";2;963006
"8421290009";"8421230009";2;1559064
"9028301900";"8504312909";1;0
"8501330008";"8501538109";2;0
"8451900000";"9603500009";1;1543936
"8421398006";"3926909709";1;20579141
"8443919900";"8501109900";1;164053
"9031100000";"9031803400";1;0
"7326909807";"4016930005";1;0
"9405190029";"9405110029";1;1883099
"9002900000";"9004909000";1;601058
"9026108100";"9026202000";1;0
"8465919000";"8465920000";1;0
"8466103800";"7308909809";1;9826397
"8413308008";"8414592009";1;0
"8481806900";"8481806390";5;46168966
"1806909000";"1704907500";1;0
"5810929000";"5808900000";1;0
"7202299000";"7202210000";1;0
"8538100000";"9403700008";2;4281688
"7326191000";"7326199009";1;0
"7216611000";"7314490000";1;2193329
"2821200000";"3206497000";1;4445993
"8541430000";"8504408700";1;6581391
"8423819001";"8423815001";1;22780837
"8479907009";"8431430000";1;23116218
"4407119400";"4407129900";2;12925
"8538909908";"8536105000";1;0
"3824400000";"7603200000";1;55073300
"8544119000";"8536901000";1;0
"7308909809";"9401990009";1;8411546
"4202990000";"8716800000";1;0
"8708299007";"8708913507";1;0
"9025900000";"9025192000";1;0
"8408908909";"8502134009";1;974624394
"1806321000";"1806310000";1;5143093
"8419818009";"9403208009";1;0
"7306402009";"7306611009";1;0
"8481806900";"8481808508";1;0
"8714930000";"7315111000";1;175170
"8467298509";"8467292000";1;0
"2009899900";"2009199809";1;0
"8302300009";"8708299008";1;303189
"8483308007";"8433900000";1;592699
"9405190039";"9405110029";1;0
"9403990009";"9403990001";1;0
"8301401900";"9603909100";1;0
"7219341001";"7219341009";1;16145887
"8708809907";"8414900009";1;0
"4008190000";"6307909800";1;3129105
"3506990000";"3214101009";1;0
"3824994500";"3402909000";1;0
"6001920000";"6001220000";1;0
"8517620003";"8517620009";1;0
"6702900000";"6702100000";1;0
"8502120009";"8502132009";1;0
"7216319000";"7216311000";2;0
"3919900009";"6115990000";1;65915
"8517620009";"8518109600";1;2009786
"8301600001";"8302300001";1;122408654
"4002999000";"4016930005";1;251846
"8481900000";"7320909008";1;0
"3926909709";"4016930005";1;0
"8471490000";"8471300000";1;0
"9026102100";"9026202000";1;0
"7304399309";"7304193009";1;2453899
"2208906909";"2208906901";1;0
"8483402109";"8501510009";1;741187
"7318159001";"7318154100";1;1904008
"8405100000";"9019200000";1;0
"8708299001";"7318162000";1;0
"4403222000";"4407119400";1;2460573
"8438809800";"8434200000";1;0
"6802230000";"6802931000";1;7190540
"4202321000";"4202329000";1;0
"5402450000";"5402310000";1;79937196
"8415900001";"8414809009";1;0
"8419899890";"8418690009";2;0
"5806200000";"6002900000";2;147983343
"3306100000";"3401190000";1;2977
"8443919900";"7315119000";1;74325
"3917239009";"4009420009";1;0
"8421210009";"8421990007";1;0
"8536901000";"8536691000";1;0
"9024900000";"9024809000";1;282123
"8419600000";"8405100000";1;0
"8431310000";"7318154900";1;2331255
"8407901000";"8407908000";1;0
"6815130000";"9612101000";1;0
"3506990000";"3506100000";1;4420939
"8416900000";"8468100000";1;5632
"7304900009";"8708309101";1;72153781
"5603121000";"5603931000";1;22127644
"4016999109";"7325991000";1;13697202
"4202310000";"4202321000";1;0
"3918900000";"3921190000";1;0
"2825200000";"2835220000";1;6527172
"3909509000";"3506100000";1;33503
"3926909209";"9019109009";1;0
"6911100000";"3924100000";1;1309116
"7308400009";"7318169900";1;47751941
"6815990008";"3214109000";1;7216963
"1806310000";"1905904500";1;0
"8418302008";"8418501900";1;0
"8708309907";"4009220009";1;1644228
"8413200009";"8413910008";1;0
"9105290000";"9105210000";1;0
"4016995209";"8708409907";1;0
"8473401100";"8708912001";3;0
"7324900009";"7326909807";1;0
"3815909000";"3208209009";1;1850807
"3901400000";"3902300000";1;703549
"1206009900";"1206009100";1;99191582
"7229200000";"8544499301";1;200300682
"3923210000";"3926909209";1;497561
"8471900000";"8537109100";1;7406456
"8508190009";"8508190001";1;235766
"8432291000";"8701911000";1;4181555
"0702000007";"0702000001";1;0
"8703241094";"8704313200";1;40903110
"9405420011";"9405410032";1;40479357
"8531202000";"8528599000";2;91954220
"8413810009";"8413708109";2;14213703
"8708913507";"8708109007";1;0
"8302300009";"8308900000";1;166709
"0207141000";"0207145000";3;0
"6804210000";"8202390000";1;2604858
"8481900000";"8481801100";1;275292
"8412310009";"8503009100";1;4744038
"0808309001";"0808309009";1;0
"8448390000";"9603500009";2;172198
"8428908009";"8428108009";1;8903927
"8703800009";"8703603096";4;439608784
"9027890000";"4911101009";1;0
"4819200000";"4415209000";1;0
"8417209000";"8514191000";1;0
"8414594009";"8414592009";1;0
"8430410001";"8430490001";2;0
"3917400009";"3917390008";1;0
"7612908008";"7615108009";1;21467823
"4202918000";"4202921900";1;4042459
"8536699000";"8529901020";2;0
"8608000009";"8537109809";1;1301075
"8465990000";"8465109000";1;0
"8481804000";"8481808190";4;515803
"8708299007";"8708509907";1;2273618
"8418509000";"8418302008";1;338771
"9018110000";"9022140000";1;0
"1209918000";"0909310000";1;57720236
"8429409000";"8430610000";1;0
"8409990009";"8516808000";1;388564
"8473308000";"8471709800";1;0
"7326909807";"7307998009";1;0
"8448390000";"4016930005";2;989605
"8708912009";"8708919907";1;0
"9403890000";"9403208009";1;0
"5911909009";"8421990007";1;0
"3901109000";"3901101000";5;108554015
"9403609000";"9403309100";1;256133
"5604100000";"6307909800";1;524846
"7610100000";"7610909000";1;617916
"3204900000";"3204170000";1;0
"8462900095";"8205598099";1;634141
"6307909800";"6307901000";1;0
"0805102000";"0810500000";1;6319469
"8419908509";"8419500009";1;0
"8443919900";"7318151100";1;4615
"8414108909";"8479899707";1;0
"1302199000";"2106909808";2;31346085
"8474200008";"8474100009";1;0
"8538909908";"8536901000";1;0
"9024109000";"8464208000";1;0
"8428330009";"7314490000";1;5992219
"8544119000";"8536900100";1;0
"8418690009";"8438809800";1;0
"8418509000";"8418501100";1;0
"8504312109";"8504312909";1;0
"8467295900";"8467295300";1;0
"6912008500";"6912002900";1;4488439
"1704908200";"1905329900";1;0
"7307221000";"7326909807";3;0
"6806100008";"7308905100";1;8898191
"7216690000";"7308909809";1;23970324
"8448390000";"8481809907";1;256951
"8512400009";"8501109900";1;0
"2715000000";"2713200000";2;0
"6301309000";"6301301000";1;0
"8716800000";"3924900009";1;1564192
"8207509000";"8207507000";1;0
"3214900009";"3506990000";1;0
"8703231981";"8703231982";2;268698263
"8414598009";"8414594009";1;0
"3907210009";"3909509000";1;0
"8419500003";"8537109809";1;605104
"8481109908";"8481805990";1;0
"5607909000";"3926909709";1;0
"8302500000";"7323930000";1;1125012
"9405420039";"9405420033";1;9712199
"3917320009";"7304499309";1;0
"8413708101";"8413708109";1;0
"8536901000";"3926909709";2;2791223
"8708309907";"8481209009";1;0
"4419110000";"3924100000";1;0
"8414308109";"8414308106";1;0
"6809900000";"6809190000";1;3255859
"9015900000";"9015801100";1;0
"8308200000";"7318230009";1;2307790
"2903440000";"3827650000";1;1641600
"8512200009";"9405420039";1;358571
"8708405007";"8708405008";1;4544687
"7210701000";"7210708000";1;207700012
"7610909000";"7604299000";1;61423849
"8708943507";"8708913507";1;0
"8474809080";"8474801080";1;0
"7323930000";"7615108009";1;0
"8412310009";"8483608009";1;252930
"9032890009";"8538100000";1;0
"3926400000";"3923299000";1;447134
"7219230009";"7219329000";1;0
"8481309902";"8481806100";1;115439
"8484100009";"4016930005";1;1012948
"3916200000";"6806900000";1;0
"4011700000";"8708709907";1;0
"4407129200";"4407129900";1;0
"5703290009";"5703290001";1;0
"0702000002";"0702000003";1;0
"9603909100";"9503009500";1;0
"8438101000";"8438809800";1;0
"5702929000";"5702429000";1;0
"8407349109";"8407343009";1;127287862
"9405110029";"9405190029";1;0
"2009899900";"2202100009";1;0
"3214900009";"4911101009";1;7190
"8302490009";"8302300009";1;0
"9605000000";"9603210000";1;5275149
"3920491009";"3921906000";1;51013667
"8474909000";"8483508009";1;116848
"8417807000";"8419390008";1;0
"8421310001";"8421310009";1;44050
"3402500000";"3405400000";1;0
"8473302002";"8544300001";1;80835
"8461501100";"8461509009";1;0
"8544190009";"8544300007";1;2503589
"7326909807";"3506100000";1;0
"7315111000";"8714963000";1;0
"3926909709";"4016999708";2;458514
"8528711900";"8528599000";1;0
"8479907009";"9401990002";1;12583849
"8438809800";"8422300008";1;162332270
"8448590000";"4016930005";1;875747
"3919900009";"6217100000";1;3922
"8409910008";"8484100009";1;0
"3401190000";"8414594009";1;954178
"9402900000";"9404219000";1;1517363
"9402100009";"9401390000";1;5736945
"0805210000";"0804500001";1;0
"3206497000";"3208109000";1;4624742
"8501523009";"8413705109";1;331121
"3307900008";"3304990000";1;2020620
"7208908000";"7208390000";2;0
"4015120001";"6116102000";1;9250093
"0804500009";"0804500001";1;1501872
"8538901200";"8536508000";1;0
"4907009000";"4911990001";2;192804702
"8479899707";"8205598099";2;7944156
"8471607000";"8471900000";1;0
"8479600000";"8419500009";2;0
"8417807000";"8402199000";59;0
"7318155200";"7318141100";1;0
"7326909400";"8481409000";1;6733
"7326909807";"8412212009";1;0
"9405490029";"9405610009";1;0
"4811490000";"4811900000";1;163501
"8479500000";"9023008000";1;17514420
"5608191900";"7019610000";1;0
"8531903000";"8521900009";1;8129406
"8471900000";"8525813000";1;7317166
"5211320000";"5515119009";2;19064068
"8208900000";"8208100000";1;13895490
"8708402009";"8708809907";1;0
"9031809800";"9018120000";1;0
"1704909800";"1704907100";1;0
"3506910009";"8301401900";1;60053
"9026108900";"9026102100";1;0
"8517620003";"8544700000";1;17792603
"8414409000";"8414807509";1;0
"8708409908";"8708299007";1;0
"7019690009";"7019660001";1;24210312
"7306301909";"7305390000";1;0
"7307298000";"8481809907";1;291423
"2008805000";"0813409500";1;9584540
"8708913507";"8708309107";1;0
"8308900000";"5807909000";1;2739070
"3912909000";"3912392000";1;383859
"8708309907";"8708309107";1;0
"7314390000";"7308909809";1;20590334
"4407119400";"4407129200";1;352269
"8474200008";"8432800000";1;44179432
"9405110031";"9405110011";1;392815296
"8471500000";"8537109809";1;22828971
"8465940000";"8465101000";1;0
"3212900000";"3404200000";1;1444712
"8716909000";"7326909807";1;512004
"8708299007";"3506910009";1;1215107
"8481309902";"8481309100";1;0
"8471607000";"8523529001";1;3051438
"8413302008";"7307199000";1;0
"8714109000";"8544429009";1;283989
"8448590000";"8542311009";1;124661
"8708809907";"8708949107";1;128014
"1003900000";"2302309000";1;0
"3919900001";"3919108000";1;0
"8504509500";"8504408300";1;3113406
"3809910000";"2832100000";1;0
"7307229000";"7307291000";1;0
"7326909807";"8207199009";1;45800
"1522009900";"1518009500";1;11203725
"8479500000";"8479899707";1;1968572863
"8708291000";"5603129000";1;0
"3920102800";"3920102500";1;0
"8455220008";"8462220009";1;0
"9405420029";"9405110014";2;32167259
"8474801080";"8479500000";1;0
"8413810009";"8412298109";1;0
"8438200000";"8422300008";1;0
"9026802000";"9027890000";1;0
"4911990009";"4911101009";1;0
"7216611000";"7308909809";1;78443471
"8479899707";"8441800000";2;0
"8471900000";"8471490000";1;0
"2909498000";"2909440000";1;0
"8708999707";"9026108900";1;367715
"8431390000";"8433900000";1;229390
"8443919900";"8537109809";1;9466016
"3402901009";"3402390000";1;2309302
"8443321002";"8443321009";1;24912773
"3902300000";"3902100000";2;0
"8466928000";"8431390000";1;0
"3305100000";"3402500000";1;0
"1701991009";"1701991001";17;1585573
"8536209007";"8536419000";1;0
"8302500000";"8302420009";1;0
"8481900000";"8537109809";1;58943
"7206100000";"7207111600";1;695749
"1905905500";"1904109000";1;0
"3926909709";"8424900009";1;1656745
"8504230009";"8504229000";1;6433422
"3909310000";"3214900009";1;13594627
"9504302008";"9504301009";1;0
"9403890000";"9403409000";1;7385037
"8482109008";"4016995209";1;25917
"8536209007";"8536508000";1;0
"8708803507";"8708913507";1;1199619
"7326909807";"8311200000";1;0
"5407520000";"5407510000";1;0
"8535290000";"8546200000";1;0
"8452290000";"8451300000";1;0
"9506919000";"9506911000";2;14814331
"8544421000";"8544499108";1;0
"6301901000";"6301401000";1;0
"7308905900";"7326909400";2;0
"0805501001";"0805501009";2;3272216
"8709199000";"8704219200";1;16913315
"9405490036";"9405420033";1;0
"5407830000";"5407930000";1;0
"8479500000";"8424890009";1;76849407
"5609000000";"6307909800";3;13753654
"8408904109";"8407901000";1;0
"8501529009";"8483409009";1;0
"1704908200";"1704907500";1;0
"3403990000";"3403199000";1;4418366
"8448390000";"7318156200";1;99658
"1701999001";"1701910011";2;0
"8484200000";"8484100009";1;21938
"8536901000";"9015900000";1;0
"9603909100";"3306100000";1;9641
"8424821000";"3917320009";1;150682262
"8708999707";"3926909709";2;477926
"7113110000";"7113190000";1;173604
"8537209800";"8504409100";1;0
"0204210000";"0204229000";2;9492140
"9026900000";"9026202000";1;0
"8701939000";"8701931000";2;0
"8708309907";"8708309908";1;0
"8544429009";"8544499108";1;0
"8708109007";"8708109008";1;407832
"8471300000";"8504403004";1;1882599
"8536908509";"8536302000";1;6681
"8422400004";"8515809000";1;0
"8436809000";"8428908009";1;11532124
"9403890000";"9403601000";1;0
"6005389000";"6005379000";1;0
"4408909506";"4418997000";1;88455726
"8708809907";"8708709907";1;0
"3304990000";"3303009000";1;0
"1512199002";"1512299000";8;0
"3301300000";"3401300000";1;0
"3101000000";"3105908000";1;0
"8448390000";"7320208908";1;4787
"3926300000";"3917400009";1;54293
"7019190000";"7019140000";1;9705755
"2710194600";"2710194800";1;734580
"3919900009";"3919108000";1;0
"8477909000";"7318156900";1;4601
"8448590000";"8481809907";1;2451723
"8483502009";"8483908909";1;0
"7306611009";"7312102009";1;36239
"8708999707";"8708509907";1;0
"4011800000";"4011900000";1;10353617
"3920108900";"3920102500";5;380838451
"8536901000";"8536900100";1;0
"8448390000";"3926909709";1;264650
"3801900009";"3801100000";1;0
"8544119000";"3926909709";1;0
"8443192002";"7326909807";1;195095
"8418999000";"8302490009";1;320809
"3215190009";"3215110009";1;0
"7308905900";"7308909809";1;0
"8517620009";"8517140000";1;5166236
"9405990008";"7308909809";1;16462236
"7606910000";"7616999000";1;3852298
"8708405007";"8407349109";1;0
"6001220000";"6001920000";1;0
"9608200000";"9608101000";1;0
"8462230009";"8462290000";1;0
"8412808001";"8503009100";1;6193024
"3919900009";"6106200000";1;9312
"8482500009";"8482109008";1;5098009
"8536304000";"8536490000";1;0
"4413000000";"3918900000";1;8943225
"8502112009";"8502118009";1;0
"8421392008";"8708999701";1;214328
"1803100000";"1804000000";1;0
"4407979009";"4407979001";1;6101780
"8479899707";"8424300100";1;0
"3920499000";"3925908009";1;0
"3919900009";"6109902000";1;153130
"8716909000";"5909009000";1;5846414
"8415900009";"8462900092";1;0
"3105100000";"3824999608";1;0
"8415830009";"8415810099";1;33572072
"3824995500";"1517909100";1;0
"8421990007";"8421290009";2;271059
"8479907009";"8207909900";1;12136432
"8462190000";"8207301000";1;254247884
"8465990000";"8465101000";1;0
"9025804009";"9025192000";1;0
"7219902000";"7210490009";1;60399678
"9018906000";"9019200000";1;0
"8207709000";"8207509000";1;46910
"4811590009";"3921904300";1;13729493
"8438809800";"8419899890";1;0
"4410119000";"4410115000";1;0
"2009899900";"2009909800";1;0
"4407129900";"4407969001";1;0
"5904900009";"5904100000";1;5771826
"7318149900";"7318156900";1;0
"7318149900";"7318141100";1;19841
"8463300000";"8463101000";1;0
"8413810009";"8413602009";1;0
"8429529000";"8429519900";2;5201465
"8608000001";"8530100000";1;0
"7308905900";"7326909807";1;0
"8438101000";"8438200000";1;0
"8508700002";"3926909709";1;111457
"3910000008";"3206190000";1;0
"8536908509";"8531209500";1;0
"8525829900";"8525899109";1;1696023
"7216918000";"7216911000";1;0
"8453200000";"8479899707";1;553129
"1704908200";"1704907100";1;0
"2841500000";"2917399500";1;0
"8419901500";"8419899890";1;0
"3917390008";"3917219009";1;0
"5209590000";"5601219000";1;1215439
"8501538109";"8501529009";1;0
"7325999009";"8479899707";2;0
"3919900009";"6108220000";1;43136
"8443919900";"8536501900";1;31155
"5407613000";"5407619000";1;0
"2506200000";"6810990000";1;100612505
"8536500400";"8533290000";1;0
"3920108900";"3923299000";1;7354756
"8419908509";"3917400009";1;351553
"8415900009";"8537109809";1;1043463
"2711190000";"2711129700";1;6302526
"0204210000";"0204410000";1;26432087
"5407520000";"5407619000";1;0
"3825100000";"3825909000";1;0
"8413200001";"8413200009";1;1637882
"8525893000";"8525891900";1;4347887
"8448590000";"3917400009";1;1667652
"5702419000";"5702910000";1;0
"6403911100";"6403999800";1;0
"8448390000";"8208900000";1;0
"6912008900";"6912002900";1;11726265
"8708291000";"3921190000";1;0
"8413810009";"8413705109";1;12125433
"8703800009";"8704600000";1;14038518
"8481809907";"8481109908";1;0
"8508700002";"7326909807";1;187781
"9015809300";"8536901000";1;7439622
"2101209200";"0902100001";1;0
"6811890009";"6811400002";1;0
"8471300000";"8517130000";1;4529546
"3302109000";"3302909000";1;0
"9405420039";"9405110014";1;0
"3909509000";"3506910009";1;0
"3926400000";"3924900009";1;21595101
"8462190000";"8465990000";1;0
"8417807000";"7229200000";1;2408717
"8419908509";"8481309908";1;11913
"4901990000";"4911990009";1;7900300
"3926909709";"3923409000";1;1041673
"3402901001";"3402390000";1;34593883
"8538909908";"7318230009";2;9203217
"7302102200";"8431498009";1;905993
"7320208108";"7320208908";1;0
"8427209000";"8427201909";2;0
"8419899810";"8419390003";1;0
"8424890009";"8424900009";1;0
"8311100009";"7217304100";1;9793737
"9405990008";"8504408300";1;0
"8507800009";"8504409100";1;0
"9405990008";"9405110014";1;87334
"0811907000";"0811205900";1;0
"8413820099";"8413705109";1;33586175
"7318153008";"7318163008";1;37460
"7806008009";"7326909807";1;14678504
"8414900009";"8421392008";1;1562133
"7304599909";"7304199009";1;0
"7321190000";"8419818009";1;1998079
"8708291000";"3926909709";1;428
"7606920000";"7610909000";1;0
"8512400009";"8413708909";1;0
"7304410008";"7326909807";1;0
"8481809907";"8409990009";1;0
"7216611000";"7216509900";1;0
"8419908509";"8544429009";1;1120697
"7113190000";"7113110000";1;3533
"8539219800";"8544300007";1;0
"3912310000";"3912909000";1;0
"8452109000";"8452101900";1;14562369
"8515809000";"8441800000";1;0
"4403211200";"4403228000";1;1372329
"8427109000";"8427209000";1;0
"8414900009";"8481809907";1;244953
"8708299007";"8708299008";1;274468
"8413702109";"8413705109";1;8112564
"3902300000";"3206497000";1;0
"8708913507";"8708939007";1;5354536
"9405420022";"9405420032";1;4851125
"6902900000";"6903909000";1;2160559
"8466933000";"8537109100";1;939464
"8415900009";"8419500009";1;36930
"3302109000";"3302101000";1;0
"8438809800";"8438200000";1;0
"9402900000";"9401710009";2;5313193
"8414594009";"8414510009";1;1883245
"2309903300";"2309903100";1;11424265
"8413810009";"8413910008";1;40353418
"8414801109";"8414594009";1;2413413
"3901109000";"3901209000";2;142565936
"8408209907";"8407349908";1;0
"9027890000";"9017809000";1;0
"1512119101";"1512199002";4;38013789
"8707901000";"8707909009";1;0
"8467990009";"8207503000";1;15178
"7607199009";"7606111000";2;166814748
"9026900000";"9026108100";1;975900
"2508300000";"3214900009";1;94803609
"8536419000";"8536490000";1;0
"7216210000";"7212300000";1;6298420
"8414900009";"4009220009";1;421946
"8543100000";"8543708009";1;13269674
"6307909800";"4202990000";1;40915841
"7202419000";"2617100000";1;0
"7304191009";"4009320009";1;65537
"1806901900";"1806310000";3;0
"7326909801";"7326906000";1;110291
"8413705109";"8413702109";1;0
"7326909807";"3926909709";1;93674
"8437800000";"8428202009";1;20676084
"8445300000";"8449000000";1;0
"8414592009";"8512200009";1;216890
"3901908000";"3814009000";1;31896462
"7307229000";"7307199000";1;0
"7411109000";"7411219000";1;0
"8471410000";"8471490000";1;0
"7317007000";"8305200000";1;27203
"7216911000";"7308905100";1;14478522
"8465990000";"8515809000";1;0
"3402490000";"3402500000";1;3117505
"8452290000";"8479899707";1;0
"8504408300";"8504403008";1;62397
"8484900009";"4009220009";1;9711702
"8302490009";"4201000000";2;2345661
"8422400008";"8422300008";1;0
"8703231982";"8703231984";1;0
"8424309000";"8424301000";1;0
"1704906500";"1704906200";1;279569
"8479301009";"8479899707";1;0
"8415820009";"8415109000";1;6718674
"8477801200";"8477801800";1;0
"9401610000";"9403609000";1;1410988
"8302490009";"8204110000";1;0
"7314490000";"7314190000";1;2878689
"3809930000";"3202900000";1;0
"3920491001";"3921909000";1;12261140
"2821200000";"3206190000";1;9659929
"8526920000";"8526918000";1;316575147
"8483908909";"8483608009";1;0
"8474901000";"7307291000";1;825098
"7225920000";"7210490009";2;133427686
"5603121000";"5603111000";1;0
"9405110039";"9405110014";2;0
"7312900009";"7312108304";1;12282080
"3824999608";"3212100000";1;197487693
"8301409000";"8302490009";1;18594859
"8482800009";"8482109008";1;0
"9603409000";"9620000009";1;600736
"8452210000";"8452290000";1;0
"8467810000";"8467298000";1;25182944
"9506290000";"6307200000";1;307054
"8414900009";"3924900009";1;275513
"8537109100";"8504409100";2;0
"8501402009";"5602900000";4;13986490
"6307103000";"3405901090";1;0
"3907610000";"3901109000";1;15007577
"7616999000";"8536699000";1;288940
"8543708009";"8424300800";1;29793481
"7606129208";"7604210000";1;14625707
"8481804000";"8481309908";1;323034
"8481201009";"8481809907";1;0
"0709601003";"0709601004";2;0
"8471500000";"8448390000";1;0
"3919900009";"6108210000";1;20599
"8448390000";"7320208108";1;881
"3921110000";"3925908009";1;1359114
"7326904000";"8428908009";1;0
"8438101000";"8422400008";1;0
"8462290000";"8462230009";1;0
"3004900008";"3004900002";1;0
"8432291000";"8432100000";1;8400145
"5603131000";"5603139000";1;0
"3822900000";"8539213009";1;961449
"8421392008";"8508190009";1;3171735
"4016930005";"4016995709";1;112059
"8451900000";"9031803800";1;462570
"8425490009";"8425420009";1;0
"8531109509";"8531103000";1;7143689
"8537109809";"8536105000";1;219088
"5808900000";"5607909000";1;196024
"9015900000";"9015809300";1;0
"3214900009";"3214109000";1;0
"5402330000";"5509220000";2;15886055
"7308400009";"7318169109";1;18250570
"3924900009";"6302539000";3;33985868
"8703405991";"8703231981";1;90580882
"8301409000";"8302419000";1;147210
"8462220009";"8462220002";1;0
"5211491000";"5407930000";1;78027386
"8414108901";"8414108909";1;0
"4016999708";"4016930005";1;0
"8708299001";"8708109001";1;0
"8544300007";"8421230009";1;2183925
"8504230009";"3403990000";1;0
"8516320000";"8516310009";1;807929
"8405100000";"7306408008";1;4613187
"9405410033";"9405420022";1;0
"1704909800";"1806903100";1;0
"7326909807";"7307991000";1;0
"9611000000";"8443321009";1;131440
"3926909709";"4205009000";1;6063770
"3204190000";"2309909609";1;7900460
"3302109000";"3302104000";1;0
"8708942001";"8708943507";1;0
"7607111109";"3921909000";1;5541175
"4810190009";"4821109000";1;2274578
"8711500000";"8711400000";2;0
"8419899810";"8419200000";2;0
"3210009000";"3824996500";1;0
"4010390000";"4016930005";1;0
"8479899707";"8479810000";1;0
"8407909009";"8409990009";1;0
"8544499108";"7308909809";1;0
"8419899890";"8419818009";2;639654199
"8536501100";"8536501500";1;0
"8443919900";"8483908909";1;0
"8437800000";"8437100000";3;0
"8447208000";"8447900009";1;0
"8704319200";"8704319809";1;0
"5606009100";"5404110000";1;3220354
"8502132009";"8502120009";1;0
"8421392008";"8481109908";1;116096
"8802200008";"8806220009";1;0
"8211920000";"8211930000";1;0
"0804100009";"0808108009";1;0
"4202321000";"4202221000";1;14016706
"8418211000";"8418302008";1;1297138
"8424900009";"3925908009";1;1021535
"7307931100";"7307998009";1;0
"9405420011";"9405410022";1;0
"3920104000";"3920102500";1;11714015
"8471900000";"8471300000";1;0
"8430490009";"8430490001";2;3100309
"9405110013";"9405190039";1;0
"5407100090";"3920102400";1;0
"7007212009";"7009100009";1;1621
"7304399209";"7304191009";2;65949358
"6802920000";"6802210000";1;12443478
"7325991000";"8503009100";1;0
"3920108900";"3920104000";1;9847751
"8448590000";"7320208908";1;35569
"5407530000";"5801360000";1;59846664
"7304399201";"7304399209";1;0
"3926909707";"8708299007";1;4771
"8708803507";"8708309107";1;0
"8413810009";"8413506109";1;0
"9401710009";"9401390000";1;461566
"8474901000";"8483608009";1;68762
"7308200000";"7308909809";11;545901972
"8708299001";"7318141100";1;0
"3917400009";"7318290008";1;257173
"8414805101";"8414805109";1;0
"8536508000";"8537109809";1;14992
"8481804000";"8481806100";1;1206823
"8441800000";"8449000000";1;0
"7318159008";"7318190008";1;0
"8504409100";"8504403008";1;638416
"8411990098";"4016930005";1;487226
"8402200000";"8403109000";1;58237768
"7326909400";"7326909807";1;0
"3906905000";"3824400000";1;0
"3923900000";"5602900000";3;15961082
"4016999708";"5603129000";1;0
"8708509907";"8708705007";1;0
"7308909809";"8302500000";1;16381
"9619004000";"9619007101";1;0
"8409910001";"8409910008";1;0
"8448390000";"3917390008";1;258537
"9402900000";"9403208009";1;17947930
"4811419000";"7607199001";1;76022941
"8424890009";"8424821000";1;0
"8481801900";"8481900000";1;2447181
"8419908509";"4016999708";1;535015
"8414592009";"8414510009";1;8220946
"8711400000";"8711309000";1;626313
"4819500000";"4819200000";1;0
"8512200009";"8708299007";1;25693
"7616991002";"7616991003";1;0
"4202929800";"9403990001";1;2170500
"8427109000";"8427201909";2;10631197
"8414802209";"8414805109";1;0
"4810190009";"8505902009";1;1364182
"8537109100";"8448390000";1;0
"7010909109";"7010904300";1;0
"7019150000";"7019620009";1;3394
"8301600001";"8708705001";2;171170283
"8467295900";"8460909009";1;0
"0902100001";"0902300001";1;0
"3214900009";"3506100000";1;0
"8507908009";"8504509500";1;57877946
"8703231983";"8703405993";1;22707565
"8708999307";"8708109007";1;0
"8483405909";"8501522004";1;1106766
"7019800002";"6806100008";1;0
"7326909807";"8536901000";1;0
"8537109809";"8537209800";1;0
"8419908509";"3917320009";1;239006
"8419908509";"7326909807";1;464726
"6209300000";"6207910000";1;12002887
"8408904109";"8407908000";1;677650
"8708705007";"8708803507";1;0
"7308400009";"7308909809";2;18285456
"3305100000";"3305900009";1;0
"8431498009";"8431410000";2;2754040
"9026102900";"9026102100";1;0
"8471900000";"8473407000";1;0
"8479100000";"8479899707";1;8651491
"8479907009";"8466209800";1;0
"8431310000";"8483508009";1;0
"2922194000";"2922197000";1;4830653
"8205598099";"3926909709";1;0
"8462610099";"8462190000";1;0
"4811419000";"4811900000";1;656973
"4016930005";"9015900000";1;0
"0901210009";"0901210008";1;0
"7604291009";"7601202009";1;0
"8418408008";"8418501100";1;0
"6810990000";"6810190001";1;0
"8703231987";"8703241091";1;15085162
"4420909900";"4421999000";1;166761
"8301401900";"8301401100";1;3531750
"8421230009";"8708509907";1;781097
"7007198009";"7007198003";1;0
"3920491009";"3926909709";1;49832521
"5903109009";"6001920000";1;8279296
"8301600009";"9013800009";1;807235
"8104900000";"8516900000";1;44376331
"8443399009";"8451300000";1;82723
"8544421000";"8544429001";2;8227718
"8409990009";"8409910008";1;0
"7310100000";"7309005900";1;0
"4016995209";"4016930005";1;0
"8448390000";"3916909000";1;26837
"8414598009";"8414900009";1;0
"9506999000";"4203210000";1;4093239
"8701951009";"8701921000";1;9439384
"9032890009";"8537109809";1;777804
"3926300000";"3926909709";1;4074510
"7326909807";"7220202900";1;0
"8302419000";"7216619000";1;0
"8501523009";"8501522009";1;0
"9403208009";"7308909809";1;1406155
"8535309008";"8536508000";1;0
"4009110000";"4009310000";1;0
"8536901000";"8544429001";3;2187277
"4015190000";"6116102000";1;4918290
"8401100000";"8404100000";1;0
"8708309907";"8481809907";1;0
"8302419000";"7318153008";1;2828281
"8519814500";"8527911900";1;861350
"8414592009";"8414592001";1;0
"8538901800";"8536901000";1;0
"8480600000";"3926909709";1;0
"8207903000";"8202390000";1;0
"1704906500";"2106909808";1;54711759
"8539520009";"8512200009";1;545497
"9032890009";"8526920000";1;0
"3824999208";"3208909109";1;8316940
"4403248000";"4403231200";1;0
"8431430000";"9015801100";1;0
"8414592009";"8421392008";1;0
"8703605991";"8703405991";2;24916295
"3903200000";"3906909000";1;0
"8482109008";"8482300009";1;2275363
"0701909009";"0701909001";3;0
"7010902100";"7013990000";1;1493673
"0709601004";"0709601003";1;3236892
"8438109000";"8419818009";1;6483565
"8441200009";"8477809500";1;0
"8213000000";"8510200000";1;5449879
"8483308007";"7320208108";1;68268
"3916200000";"3925908009";1;37952120
"3919900009";"6115950000";1;820477
"8461501909";"8465912000";1;0
"4203291000";"6216000000";1;14341908
"5810929000";"5801330000";1;6340142
"7609000000";"7616999000";1;817225
"8483502009";"8433900000";1;45477
"7304395209";"7304399309";1;0
"4016999701";"4016999708";1;0
"5903109009";"3921906000";1;10527233
"8479899707";"8543708009";2;15578185
"8431498009";"3926909705";1;775
"8413810009";"8414108909";1;0
"7325999009";"7326909807";1;0
"4823908520";"4823908597";1;0
"8511100009";"8544300007";1;336447
"8523599109";"8477909000";1;0
"3810100000";"3402909000";2;28730401
"8438200000";"8438809800";1;0
"8703800009";"8703605991";1;104932291
"9404299000";"9503005500";1;0
"8481809907";"8481808190";1;0
"9030908500";"9030331005";1;2931142
"8421398006";"8421290009";1;0
"8441300000";"8441800000";1;0
"8403101000";"8403109000";1;18437538
"9403202009";"9401710009";1;670779
"3808932900";"3808939000";1;30941131
"8419908509";"9025192000";1;0
"8537109809";"8537209200";2;0
"4015190000";"6116108000";1;329907
"8708291000";"5603149000";1;0
"8708999707";"7326909807";3;11920489
"8421392008";"8421398006";2;0
"8433591101";"8433591109";1;39620013
"8465990000";"8479899707";1;0
"5906999000";"5907000000";1;13057148
"1104129000";"1104225000";1;0
"7318190008";"7318159008";2;0
"8419901500";"8419190000";2;33326533
"2711139100";"2901100001";1;117367771
"8703241097";"8702101199";1;57680000
"7309005900";"7311009100";1;13840927
"8431310000";"7326909807";1;294121
"8526100000";"8526912000";1;165387466
"3206497000";"3214900009";1;2377185
"8501320009";"8501523009";1;85604
"9506510000";"9506590000";1;2083634
"8421392008";"8509800000";7;4263770
"7208539000";"7326909400";1;15728512
"7324900009";"9403208009";1;26722366
"7208390000";"7208380000";5;0
"1905906000";"1905903000";1;0
"9026108900";"9032108909";1;0
"8479899707";"8424890009";1;10879658
"8481805100";"9032108909";1;0
"0102294100";"0102299100";2;24087695
"8479907009";"9027890000";1;0
"8415900009";"8462290000";1;0
"2007999702";"2009120008";1;13196408
"7616991008";"8424200000";1;0
"9031908500";"3926909707";1;24831633
"8473302008";"8471500000";1;2268470
"8482200001";"8708709901";1;27585470
"8423900008";"4010190000";1;3053377
"3908100000";"3903200000";1;7375492
"8422909000";"8483908909";1;0
"8480790000";"8477902000";1;14589931
"9011109000";"9018509000";2;0
"2710198200";"2710199800";1;0
"8474909000";"8483409009";1;470516
"3824999608";"3901908000";1;105405480
"8708923507";"8708309107";1;0
"8429521009";"8429521001";1;147166777
"6103430009";"6109902000";1;0
"2710196201";"2710196401";1;0
"8515801000";"8514400000";1;0
"4418997000";"4418750000";1;1406913
"8471300000";"8537109100";1;14443745
"8415900009";"8415810099";2;0
"8703605999";"8703606098";1;79510383
"8708999307";"3919900009";1;21686
"8443318000";"8443312000";1;0
"8413820099";"8413708909";1;27381473
"0602208000";"0602202000";1;1805680
"8708291000";"8544300001";1;64037846
"8438900000";"7615108009";2;22692547
"7326200009";"3924900009";1;12650
"8527290000";"8527139900";1;0
"8514191000";"8417209000";1;0
"8708291000";"3506910009";1;1841
"7326909807";"7324900009";1;2676365
"1704908200";"2106909808";1;39501410
"6804229000";"8202310000";1;698132
"8431310000";"7315890000";3;30027872
"8467219900";"8467119000";1;37687
"8481309908";"8424900009";1;0
"1506000000";"0405909000";1;54174994
"9018902000";"9018200000";1;0
"8512909008";"7318159008";1;10609791
"8429519100";"8429521001";1;112666560
"6209300000";"6207991000";1;1615545
"8419908509";"8413508009";1;0
"8448590000";"7318155200";1;686688
"3006700000";"3307900008";1;0
"8708913508";"8708913507";1;1599640
"8708991000";"8708299007";3;0
"6601910000";"6601100000";1;7274949
"3919900009";"6107110000";1;292297
"8536901000";"9032890009";1;0
"8419908509";"3926909709";1;51187
"7310299000";"7310100000";1;12478796
"8708999707";"7009100009";1;101749
"4823908597";"8421990007";1;0
"6406909000";"6406905000";1;0
"3920104000";"7019660009";1;592522
"8428392009";"8428908009";1;12813868
"8516720000";"8516797000";1;1500721
"8413190009";"8431390000";1;0
"9003110000";"9003190009";1;617354
"8428908009";"8543708009";1;3632770
"7610909000";"7308909809";1;4720554
"2101110017";"2101110015";1;0
"8413810009";"8413603109";4;531118920
"4016930005";"4016930001";1;0
"7009910000";"7009920000";1;591471
"8483405909";"8708409907";1;0
"8504409100";"8504405500";1;0
"9401390000";"9403301100";1;305309
"4016999109";"4009110000";1;191148
"3919900009";"6105100000";1;23549
"8414108909";"8708299007";1;14696
"8421230001";"8421230009";1;186423
"6103430009";"6115961000";1;0
"8506808000";"8506101100";7;519125
"7308909809";"7318190008";1;0
"8708999707";"8414592009";1;0
"8431390000";"7326909807";1;0
"2933698000";"3808948000";1;65773315
"8536508000";"8536490000";1;0
"8407349109";"8407349908";1;0
"7225508000";"7208539000";1;0
"8414108909";"8414807509";1;0
"8407901000";"8407909009";1;0
"9022900009";"8471500000";1;0
"8421392008";"8414900009";1;58975091
"9506911000";"9506919000";2;5805388
"8467990009";"8413910008";1;0
"8415900009";"8537109100";1;2676516
"8441800000";"8420108009";1;0
"8421392008";"9023008000";1;2226329
"5607509000";"6307909800";1;14701538
"0805501009";"0805501001";1;881308
"8421392008";"8421990007";1;0
"8543708009";"9031809800";1;0
"3907300000";"3208909109";1;1165321
"8480790000";"8477909000";1;17775315
"8421392008";"8421290009";1;0
"8471900000";"8471607000";2;0
"8212900000";"8431390000";1;0
"8311100009";"8311100001";1;16119956
"8704219200";"8704229209";1;315617041
"3210009000";"3209900000";1;0
"4703210009";"4703290009";1;0
"8703241097";"8703241099";1;0
"8427101000";"8427109000";1;0
"5407615000";"5903209000";1;24861526
"3401110009";"3401190000";1;0
"8536490000";"8536419000";1;97132
"1704908200";"1704906500";3;0
"7222203100";"7222203900";1;0
"8702400009";"8703800009";1;20600000
"8516291000";"8516797000";1;7750420
"8542319090";"8477909000";1;0
"8417900000";"7326909807";1;108055581
"7306900009";"7326909807";1;2138896
"8708943507";"8708949907";1;0
"8502204009";"8407901000";1;7314750
"9401610000";"9401710009";1;0
"4011800000";"4011700000";1;22577585
"7308400009";"7318159008";1;173298083
"8434900000";"3924900009";1;195838
"8481309100";"4016930005";1;1656712
"8517620009";"8471490000";1;0
"8708211000";"6307200000";1;1077035
"8431498009";"8537109809";2;10695402
"5801360000";"5407615000";1;1559935
"8477809800";"8461509009";1;13036383
"4011100009";"4011800000";1;0
"7608100009";"8307900009";2;15979528
"8207601000";"8202310000";1;0
"8479907009";"8424900009";1;17185154
"8481801900";"8481809907";1;0
"8443999000";"3917320009";1;103766
"3919900009";"6109100000";1;699379
"8414598009";"8414510009";1;608264
"8422400008";"8462900097";1;20531246
"0701909001";"0701909009";1;0
"3920439000";"3921906000";1;19317887
"4418997000";"9403609000";1;3526814
"8547900000";"3917290009";1;82229575
"8421310009";"8421230009";1;341425
"9503009909";"9403208009";1;6523779
"8418610099";"8415900009";2;68157076
"3918900000";"3924900009";1;2205734
"5603929000";"5903909100";1;1554748
"8481801900";"8481801100";2;8863452
"8541410001";"8541410002";1;16997
"2507008000";"3302909000";1;0
"7308909809";"6306290009";1;5547888
"9401310000";"9401610000";1;170116
"9405500000";"9505900000";1;1825190
"8301600009";"8302415000";1;4471784
"8479899707";"9403990001";1;618886
"8421197009";"8451290000";1;3674766
"8443999000";"8542399010";1;77515
"8432295000";"8429519900";1;0
"8443919900";"8412310009";1;0
"5903109009";"3921190000";1;7311629
"8418690009";"8419500009";3;0
"8421290009";"8421210009";1;0
"8455220008";"8462390000";1;0
"8471300000";"8471709800";1;825031
"9032890009";"9031908500";1;0
"4014900000";"4016999708";1;0
"8430410008";"8430410001";1;0
"2710198200";"3403199000";3;6306062
"2710122509";"2710122100";1;0
"8413603109";"8413702109";1;0
"7307298000";"7307991000";2;161716
"3215900009";"3215190009";1;0
"2811220000";"3402901009";1;0
"8424821000";"3917219009";1;47237189
"4421999000";"4403222000";1;0
"1806310000";"1806321000";1;0
"4802620000";"4802562000";1;0
"7907000009";"8306290001";1;484958
"8704600000";"8704319200";1;92869982
"7212300000";"7212408000";2;0
"6204629000";"6203423100";1;0
"8462320009";"8462330000";1;0
"9026202000";"9026808000";1;630182
"9619008101";"9619008901";1;300534
"9607190000";"9607110000";1;0
"8481808190";"8481809907";2;61196
"8420108009";"8443131000";1;3715150
"3923900000";"4202921900";1;1010998
"8468900000";"8544499509";1;914308
"7010909109";"9616101000";1;0
"8703604098";"8703603097";2;7779253
"5605000000";"5509220000";1;0
"8711609000";"8711601000";1;0
"9405410039";"9405410029";1;0
"3910000008";"3214101009";1;13629739
"6001920000";"6005379000";2;0
"8424890009";"8424890001";1;61462819
"8418999000";"3926909709";1;162246
"7318159001";"7318159008";1;0
"3918109000";"5705003000";1;21148896
"7308909809";"8302419000";1;0
"4009220009";"4009310000";1;5227353
"8483109509";"8708999707";1;740479
"0702000001";"0702000002";12;1313845
"7216321100";"7216329100";1;786240
"6005379000";"6001920000";1;164413
"1806329000";"1806321000";1;19202212
"3824999608";"3824999300";1;0
"8465990000";"8465200000";1;0
"3917211000";"3917219009";1;7465592
"5808100000";"5810929000";1;0
"8414598009";"8414592009";1;0
"8708505501";"8483402309";1;0
"8443919900";"8501522009";1;1418017
"3903190001";"3903190009";1;2545701
"8518309500";"8518109600";1;22547137
"3101000000";"3105100000";1;0
"8708999307";"7326909807";1;10645
"8448320000";"4010390000";1;4842436
"6114300000";"6307200000";1;0
"7210122000";"7210701000";1;2594717
"4411149000";"4411139000";2;0
"8430490009";"9015801100";1;0
"5512199000";"6001920000";1;2168865
"8509900000";"8504405500";1;846917
"2835310000";"2916199500";1;0
"3920202100";"3919900009";1;23633115
"8431310000";"7312108104";1;1545465
"8479820000";"8508190009";1;26326046
"3903190009";"3903110000";2;0
"8432291000";"8432295000";2;39383145
"8415810099";"8415109000";3;8715678
"7308400009";"8302490009";1;2805779
"5515129000";"5407613000";1;0
"8421197009";"8421392008";1;0
"8462610019";"8462610015";1;0
"2102109000";"2106909808";1;8619522
"4011100009";"8708709907";1;0
"9032108909";"8516802009";1;0
"2936290001";"2905450009";1;833912
"8474901000";"8474909000";2;11481070
"8703211011";"8703211096";1;2816677
"8481807399";"7411290000";1;5786131
"8539219800";"9405110014";1;0
"0207271000";"0207146000";1;0
"3920102800";"3921906000";1;57530168
"7318220008";"7318210009";1;1879954
"8431390000";"7315119000";1;14341378
"7307991000";"7307910000";1;0
"8484200000";"8409910008";1;0
"3819000000";"3820000000";1;0
"8419908509";"7307998009";1;0
"8514191000";"8419818009";1;60347210
"7212300000";"7308905900";1;8188804
"3926909709";"3920431000";1;143600
"8430690008";"8432800000";1;11300753
"8534009000";"8508700008";1;317051
"3920202100";"3921906000";1;440189
"8535290000";"8536209007";1;3348434
"9018499000";"9021290009";1;0
"8516310009";"8516320000";2;0
"8424890009";"8205598099";1;3280067
"8708999707";"4016995209";1;68740
"8424499900";"8424499100";1;0
"8419908509";"8481109908";1;180966
"7307298000";"7306508009";1;16395
"9403208009";"9403601000";1;3142235
"0403201300";"0403207100";1;0
"8516797000";"7321119000";1;11570194
"3920610000";"3921909000";1;35964863
"8544499108";"9405110014";1;0
"4807008000";"4823908597";1;2630546
"8473299000";"8302419000";1;1142627
"8415900009";"3926909709";2;1217100
"8207130000";"8467298509";1;0
"7216619000";"7308909809";1;265011
"9405990008";"9405110039";1;22434
"8716909000";"8708299007";1;0
"8481807399";"8481801900";1;0
"8413702909";"8413708909";1;807983
"3808998000";"2309909609";1;18415543
"3924100000";"4823699000";1;1166793
"8424309000";"8424300800";3;0
"5607509000";"5607410000";1;111694
"8479100000";"8479820000";1;0
"8483908109";"8431390000";1;5120
"5608199000";"6303120000";2;76190613
"3926909709";"4821109000";1;11501712
"4009310000";"4009320009";1;0
"4016995709";"4016930005";1;69876
"8518210000";"8518220000";2;55156614
"8424890009";"8425420009";1;33672941
"8479907009";"9031908500";1;0
"8417900000";"7303009000";1;9395704
"8423890009";"8423890001";3;67747896
"7308909809";"6306120000";1;85992109
"1806310000";"1806903100";1;0
"8431498009";"8479899707";1;0
"9032890009";"9019200000";1;21671254
"8448590000";"8501109300";1;1480561
"7208539000";"7225406000";1;1397933
"7319901000";"9618000000";1;1450426
"8708299001";"9401990002";1;0
"7318157008";"7318141100";1;400723
"8483405109";"8501522009";1;2083326
"8471300000";"8471705000";1;648837
"8481804000";"8481806900";1;0
"7210122000";"7210904000";1;0
"8438101000";"8428330009";1;0
"8421392008";"3921190000";1;1241750
"2101129801";"2101202000";1;0
"0808309009";"0808108009";1;0
"8443919900";"8481209009";1;127271
"8413820099";"8413308008";1;15136
"8708999707";"4009220009";1;0
"9406901000";"7308905100";1;2328932
"8201300000";"8201900001";1;0
"6912002500";"6912008900";1;4027774
"8507102003";"8413910008";1;0
"8473407000";"8528599000";1;13203250
"4811510009";"4823908597";1;43417725
"7010904300";"7010904500";1;5202877
"3926909209";"3926909709";1;0
"8443329900";"8443321009";1;0
"3506910009";"3506100000";5;31677480
"3920104000";"3923900000";1;59315318
"3906909000";"3901908000";1;23794400
"8510900000";"8510100000";1;0
"5608199000";"5803009000";4;25860087
"5603149000";"5603141009";1;0
"8703231949";"8704213200";1;43326577
"2009899900";"2009799809";1;3171008
"4802559000";"3919900009";1;113755
"8414592009";"8708913507";1;376367
"7307991000";"7326909807";1;2783538
"9026802000";"9026102900";1;0
"8436809000";"8479899707";1;14629560
"8708949907";"3926909709";1;0
"8431410000";"8430690008";1;7728589
"8477100009";"8477100001";1;0
"7307929000";"7307998009";1;322197
"3917310008";"3917320009";1;6966926
"8708939007";"4009220009";1;0
"8477300000";"8477200000";2;0
"8201500000";"8201600000";1;55307
"8477909000";"8431390000";1;0
"2309901000";"2309909609";1;161417
"8419110000";"8419190000";1;6733764
"0701909005";"0701909009";1;1770240
"8466940000";"8207301000";2;22446706
"8481809907";"8424491000";1;3585688
"8415900009";"8501320002";1;3921058
"2710198800";"3403199000";1;511224
"4008110000";"4009110000";1;0
"9405420029";"9405420019";3;55550384
"7308905100";"7308905900";1;0
"1704908200";"1704109009";1;0
"9405990008";"8536900100";1;0
"8477809800";"8477909000";1;0
"4901100000";"4901990000";1;0
"3920491009";"3920202900";1;52396
"8409910008";"4009320009";1;74512
"7216918000";"7308909809";1;36960105
"8423811009";"8423819009";1;74688
"8432900000";"8701100000";1;0
"8448590000";"8208900000";1;0
"8481109908";"8431390000";1;0
"9024101300";"8462290000";1;0
"8479899707";"8445110000";1;0
"8512200009";"8708409908";1;452757
"8703231985";"8703231987";1;0
"3824999608";"3208909109";1;5072134
"8421392008";"8708309907";1;1082494
"7010904100";"7010904500";1;0
"8708913508";"3925100000";1;366523
"3926300000";"8708299008";1;124394
"8536699000";"9032890009";1;0
"4811490000";"4811419000";2;1179277
"8705908005";"8705908009";1;1244305329
"8708299007";"9403208009";1;2375706
"8477591000";"8479301009";1;407534736
"4407119900";"4407119400";2;0
"8708299001";"3926909703";1;0
"8448590000";"8448511000";1;0
"8483405109";"8708405001";1;250990331
"9027300000";"9022190000";2;11132302
"3909100000";"3824100000";1;0
"9403208009";"9406909009";1;0
"8405100000";"8405900000";1;5205280
"4016910000";"4016999708";1;0
"7020000800";"3926909709";1;0
"8419818009";"8418501900";1;0
"8504403008";"8504408300";1;61321403
"8708109007";"8512200009";1;0
"8413603109";"8413708109";1;9008553
"8543708009";"8508190009";1;9441574
"9406200000";"9406903908";2;0
"8466940000";"8207209000";1;182884727
"8708949907";"7326909807";1;14908
"4202321000";"7009920000";2;405556
"8713100000";"8713900000";1;0
"4411141000";"4411131000";1;0
"3917390001";"8421398006";1;0
"0901210001";"0901210009";1;0
"8516792000";"8516607000";1;10314149
"8431430000";"8431498009";1;0
"8475900009";"8208900000";1;0
"4407129200";"4407119400";2;86096
"8474100009";"8474310009";2;6123520
"8482500001";"8413603909";1;0
"8516710000";"8516797000";1;2834071
"8501320002";"8501529009";2;0
"8424900009";"3917400009";1;30075336
"8207199009";"8207509000";1;0
"7323930000";"7324900009";1;96697
"7308400009";"7318190008";1;48732114
"8482200009";"8482109008";1;851845
"2905310000";"3815909000";1;0
"7308300000";"7308909809";1;8262032
"8536901000";"8536699000";3;2669115
"9508290000";"9508220000";1;103559
"8504403008";"8504405500";1;4878451
"8465912000";"8465200000";1;0
"9405110014";"8539519009";1;0
"8305200000";"7326909807";1;5262982
"9403990001";"8302420009";1;0
"8481805990";"8481809907";1;0
"9401800009";"9403208009";1;23885
"8477809500";"8477809800";1;0
"8111009000";"8111001900";1;0
"8448590000";"7318290008";1;9483536
"5211420000";"5515119009";1;24478321
"9506911000";"4008211000";1;2154855
"7210701000";"7225990000";1;903050
"7616999000";"7615108009";1;98461
"8708939007";"8708999707";1;0
"9011800000";"9011209000";5;62033006
"8483102901";"8708503507";1;10747588
"9026204000";"9026208000";1;155791
"8414208009";"8413708109";1;7169683
"8421990007";"4016930005";1;78183
"8427109000";"8429590000";1;119247609
"7020008000";"7020000800";1;0
"9018499000";"3701100000";1;0
"8516101100";"8516108000";1;0
"8701941009";"8701931000";1;30898512
"4811900000";"4819100000";1;3437887
"3808941000";"3808948000";1;0
"8414108909";"8414802209";1;0
"8445190009";"8545190000";1;471216
"5705003000";"5702429000";3;58061
"8708109007";"8708939007";1;0
"8434200000";"8421110000";1;0
"5703310001";"5703310009";1;11377198
"9032890009";"8537109100";2;249699974
"7010907900";"7013499900";1;1435911
"4012909000";"4012902000";1;791040
"8483109509";"8433900000";1;816935
"3907300000";"3214101009";1;12705416
"5806400000";"6307909800";1;9098520
"8536900100";"7604299000";1;20677693
"8474200008";"7326909807";1;13653438
"6804229000";"8207199009";1;16633966
"8463300000";"8463200000";1;0
"8543708009";"8460909009";1;37618031
"8438809800";"8418690009";1;0
"3926909709";"8481809907";1;0
"8481900000";"3924900009";1;852893
"8472100000";"8472901000";1;0
"8538100000";"9403208009";1;16834447
"9026102900";"9031803800";1;0
"8443999000";"8419390008";1;928788
"8481807900";"8481801100";1;675896
"7326909807";"7318159008";1;1676360
"2202100001";"2202100009";1;4084107
"3304990000";"3304300000";1;76852
"9506320000";"9506610000";1;943167
"8501330005";"8501538109";4;29494865
"6403911100";"6403999600";1;0
"3506910009";"3214101009";1;9015505
"8505200000";"8482109008";1;0
"6001100000";"6006329000";1;0
"8205700000";"7308909809";1;0
"8419908509";"8505110000";1;75344
"7307298000";"7326909807";1;1322511
"8302420009";"8302100009";1;0
"3402901009";"3402500000";1;3266138
"8407349109";"8407338000";1;0
"8413608009";"8413603909";1;0
"8413810009";"8413506909";2;0
"3004100008";"3004200002";1;47644233
"4805400000";"5911909009";1;11235492
"0808108001";"0808108009";3;12730219
"8407343009";"8408203500";1;9125402
"8422200009";"3923100009";1;0
"8214900000";"8213000000";1;0
"8528591000";"8528599000";1;0
"8414598009";"8415830009";1;2967098
"3402909000";"3402500000";2;0
"8479820000";"8479899707";1;0
"8524910012";"8524910092";1;0
"2710198800";"2710198200";2;516912
"7306301109";"7306611009";2;15632547
"8510200000";"8509800000";1;40249990
"9026102900";"9026108900";1;0
"8708991000";"8708503507";1;0
"3808918000";"3824999608";1;0
"7318155900";"7308909809";1;0
"8435100000";"8438809100";1;0
"9027890000";"9011109000";1;0
"3923900000";"3925100000";1;12470931
"9032900009";"8448390000";1;0
"8419899810";"8418408008";1;34885215
"3921190000";"3917390008";1;0
"8302490009";"7326909807";1;28220184
"8417807000";"8416201000";1;88085444
"6803009000";"6802910000";1;0
"8467990009";"8202400000";1;2234621
"8536209007";"8536105000";1;0
"8432291000";"8430690008";1;0
"8536105000";"8536101000";1;0
"5603111000";"5603121000";1;25946425
"8504229000";"8504340000";1;0
"6116102000";"6116930000";1;2553290
"8415900009";"8481806390";1;8297168
"4016910000";"3924900009";1;9649506
"8708999307";"8708299007";1;0
"3917390008";"3917320009";1;0
"3919900009";"6402999600";1;29444
"7210690000";"7606129208";1;30662942
"5607909000";"4010190000";1;0
"8507800009";"8507600009";2;3449407
"9401800009";"9401610000";1;408278
"8536209007";"8536201007";2;2170273
"5407615000";"5801360000";1;17969948
"8536302000";"8536490000";1;0
"8418690009";"8415900009";4;139075469
"7010903100";"7010100000";1;0
"4016100009";"8708709907";1;0
"3907911000";"3907999009";1;0
"8503009800";"8544499108";1;6843357
"8424821000";"8421210009";1;0
"8413910008";"8481309908";1;0
"8421210009";"9024801900";1;0
"3926100000";"4202921900";1;1702836
"3926909709";"3916200000";1;0
"5407615000";"5407611000";1;23649153
"8462900097";"8462690099";1;189062553
"7321111000";"7321119000";1;0
"8432800000";"8432210000";1;64272539
"3824999601";"3214900009";1;14173770
"9031809800";"8537109809";1;505647907
"7307991000";"7307291000";1;1730883
"7308909809";"9403208009";2;188890415
"8501109900";"8501200009";1;0
"8464208000";"8464100000";1;0
"8708949907";"8708949908";2;4036431
"4016930005";"7307210009";1;0
"4009310000";"4016930005";1;0
"8536490000";"8504409100";1;7971808
"0701905009";"0701909009";2;0
"1905319900";"1905319100";4;0
"3916200000";"4006900000";1;0
"3919900009";"6115969900";1;16144
"7304399301";"7304399309";1;0
"8512400009";"8512301009";1;0
"7210110000";"7210490009";1;7465072
"0406908900";"0406909909";1;0
"1704909800";"1704906500";1;0
"8504408300";"8536900100";1;0
"4413000000";"4412330000";1;0
"9018499000";"9022190000";1;0
"8702101199";"8702109199";1;0
"4811900000";"4807003000";1;12112190
"9024101100";"9024801900";1;0
"8468800000";"8515310000";1;0
"5603121000";"5603129000";1;2662913
"8431430000";"9015900000";1;0
"9405920008";"9405290014";2;0
"9405110014";"8544499108";1;47143217
"8302490009";"8302419000";1;9998971
"8417900000";"7225406000";1;0
"8419812009";"8516710000";1;4446229
"8708299007";"8302490009";1;0
"8474909000";"7326909807";1;4348673
"3926909709";"7318165000";1;3929213
"8464100000";"8462900094";1;0
"8467990009";"8207199009";1;3986260
"8418610099";"8415810099";1;190395586
"3920499000";"3921120000";1;40676969
"5209590000";"6302931000";1;17071987
"8431390000";"8431498009";2;0
"8419390008";"8418690009";1;0
"7610909000";"7616910000";1;2115350
"8479899707";"8479820000";1;26332622
"9403301900";"9403301100";1;25274268
"0403201300";"0403207300";1;0
"8413910008";"8481809907";1;3264689
"1804000000";"1803100000";1;0
"8479100000";"8205591000";1;751363
"9404100000";"7320208108";1;0
"7806008009";"7308300000";1;10587975
"4011700000";"4011209000";1;18672622
"8544421000";"8544429009";1;1177348
"3904698000";"3901908000";1;28977350
"8517620003";"8473308000";1;0
"8481804000";"8481806390";2;3868197
"7317008008";"7317002000";1;0
"9025192000";"9025198000";1;0
"8607290000";"8716909000";1;546138
"8408205799";"8408209907";1;4925152
"8479907009";"8414900009";1;0
"9023008000";"8537101000";1;13094700
"8481801900";"8481808190";1;213662
"8708949907";"7306408008";1;0
"6307103000";"6307109000";1;0
"8465101000";"8465109000";2;0
"8461509009";"8462320009";1;0
"8708999707";"8708999701";1;0
"8301401100";"8301409000";1;0
"6307901000";"9019101000";1;0
"8483102101";"8708509907";1;4045426
"8501522009";"8501523009";1;1672891
"3901209000";"3901109000";1;0
"8483409009";"8431498009";1;0
"8512909008";"8512200009";2;0
"8462490001";"8462590004";1;0
"8421990007";"8421310009";1;3917778
"3506910001";"3506910009";3;0
"8431498009";"4016930005";1;121060
"6307103000";"6307101000";1;0
"3506990000";"3208109000";1;0
"8504409100";"8537109809";1;3506453
"5603111000";"5603141009";1;444599
"8479100000";"8424890009";1;20480472
"8465912000";"8465920000";1;0
"8427101000";"8428908009";4;183518504
"8517790009";"8517130000";1;1313078
"8413508009";"8708803508";1;955167
"4010320000";"3926909709";1;0
"8479500000";"8428700009";2;74379061
"8213000000";"8510100000";1;1077001
"7320208908";"3926300000";2;13522256
"8419812009";"8476210000";1;0
"8409990009";"8419500009";1;0
"8484100009";"7318220008";1;54488
"8409990009";"8413302008";1;875500
"4010390000";"3921909000";1;1885415
"8418690009";"8479899707";1;0
"8413200009";"8467890000";1;0
"8481807900";"8481309100";1;0
"7318240008";"7318159008";1;0
